Id,Section No.,Level,Section,Page No.
0,1,1,Computer System Overview,29
1,2,1,Operating System Overview,68
2,3,1,Process Description and Control,128
3,4,1,Threads,179
4,5,1,Concurrency: Mutual Exclusion and Synchronization,220
5,6,1,Concurrency: Deadlock and Starvation,280
6,7,1,Memory Management,327
7,8,1,Virtual Memory,362
8,9,1,Uniprocessor Scheduling,417
9,10,1,Multiprocessor and Real-Time Scheduling,452
10,11,1,I/O Management and Disk Scheduling,496
11,12,1,File Management,542
12,13,1,Embedded Operating Systems,595
13,14,1,Computer Security Threats,629
14,15,1,Computer Security Techniques,661
