Section No.,Level,Section,Page No.
1,1,Introduction,27
2,1,Operating-System Structures,79
3,1,Processes,129
4,1,Threads,187
5,1,Process Synchronization,227
6,1,CPU Scheduling,285
7,1,Deadlocks,339
8,1,Main Memory,375
9,1,Virtual Memory,421
10,1,Mass-Storage Structure,491
11,1,File-System Interface,527
12,1,File-System Implementation,567
13,1,I/O Systems,611
14,1,Protection,649
15,1,Security,681
16,1,Virtual Machines,735
17,1,Distributed Systems,765
18,1,The Linux System,805
19,1,Windows 7,853
20,1,Influential Operating Systems,911
