"1. Do some research on al-Khorezmi (also al-Khwarizmi), the man from whose name the word ""algorithm"" is derived. In particular, you should learn what the origins of the words ""algorithm"" and ""algebra"" have in common. "
"2. Given that the official purpose of the U.S. patent system is the promotion of the ""useful arts,"" do you think algorithms are patentable in this country? Should they be? "
3. a. Write down driving directions for going from your school to your home with the precision required from an algorithm's description. b. Write down a recipe for cooking your favorite dish with the precision required by an algorithm. 
"1. Old World puzzle A peasant finds himself on a riverbank with a wolf, a goat, and a head of cabbage. He needs to transport all three to the other side of the river in his boat. However, the boat has room for only the peasant himself and one other item (either the wolf, the goat, or the cabbage). In his absence, the wolf would eat the goat, and the goat would eat the cabbage. Solve this problem for the peasant or prove it has no solution. (Note: The peasant is a vegetarian but does not like cabbage and hence can eat neither the goat nor the cabbage to help him solve the problem. And it goes without saying that the wolf is a protected species.) "
"2. New World puzzle There are four people who want to cross a rickety bridge; they all begin on the same side. You have 17 minutes to get them all across to the other side. It is night, and they have one flashlight. A maximum of two people can cross the bridge at one time. Any party that crosses, either one or two people, must have the flashlight with them. The flashlight must be walked back and forth; it cannot be thrown, for example. Person 1 takes 1 minute to cross the bridge, person 2 takes 2 minutes, person 3 takes 5 minutes, and person 4 takes 10 minutes. A pair must walk together at the rate of the slower person's pace. (Note: According to a rumor on the Internet, interviewers at a well-known software company located near Seattle have given this problem to interviewees.) "
"3. Which of the following formulas can be considered an algorithm for computing the area of a triangle whose side lengths are given positive numbers a, b, and c? a. S= p(p - a)(p - b)(p - c), where p = (a + b + c)/2 b. S= 1 bc sin A, where A is the angle between sides b and c 2 c. S = 1 aha , where ha is the height to base a 2 "
"4. Write pseudocode for an algorithm for finding real roots of equation ax2 + bx + c = 0 for arbitrary real coefficients a, b, and c. (You may assume the availability of the square root function sqrt (x).) "
5. Describe the standard algorithm for finding the binary representation of a positive decimal integer a. in English. b. in pseudocode. 
"6. Describe the algorithm used by your favorite ATM machine in dispensing cash. (You may give your description in either English or pseudocode, whichever you find more convenient.) "
"1. Consider the algorithm for the sorting problem that sorts an array by counting, for each of its elements, the number of smaller elements and then uses this information to put the element in its appropriate position in the sorted array: ALGORITHM ComparisonCountingSort(A["
"2. Name the algorithms for the searching problem that you already know. Give a good succinct description of each algorithm in English. If you know no such algorithms, use this opportunity to design one. "
"1. Describe how one can implement each of the following operations on an array so that the time it takes does not depend on the array's size n. a. Delete the ith element of an array (1 i n). b. Delete the ith element of a sorted array (the remaining array has to stay sorted, of course). "
"2. If you have to solve the searching problem for a list of n numbers, how can you take advantage of the fact that the list is known to be sorted? Give separate answers for a. lists represented as arrays. b. lists represented as linked lists. "
"3. a. Show the stack after each operation of the following sequence that starts with the empty stack: push(a), push(b), pop, push(c), push(d), pop b. Show the queue after each operation of the following sequence that starts with the empty queue: enqueue(a), enqueue(b), dequeue, enqueue(c), enqueue(d), dequeue "
"4. a. Let A be the adjacency matrix of an undirected graph. Explain what property of the matrix indicates that i. the graph is complete. ii. the graph has a loop, i.e., an edge connecting a vertex to itself. iii. the graph has an isolated vertex, i.e., a vertex with no edges incident to it. b. Answer the same questions for the adjacency list representation. "
1. Compute the following sums. a. 1 + 3 + 5 + 7 + . . . + 999 b. 2 + 4 + 8 + 16 + . . . + 1024 c. n+1 1 d. n+1 i e. n-1 i(i + 1) i=3 i=3 i=0 f. n 3j +1 g. n n ij h. n 1/ i(i + 1) j =1 i=1 j =1 i=1 
2. Find the order of growth of the following sums. Use the (g(n)) notation with the simplest function g(n) possible. a. ni =-01(i 2 +1)2 b. n-1 lg i2 i=2 ij-=10(i + j ) n-1 c. in=1(i + 1)2i-1 d. i=0 
"3. The sample variance of n measurements x1, . . . , xn can be computed as either in=1(xi - x¯)2 n xi where x¯ = i=1 n-1 n or n xi2 - ( n xi )2/ n i=1 i=1 . n-1 Find and compare the number of divisions, multiplications, and additions/ subtractions (additions and subtractions are usually bunched together) that are required for computing the variance according to each of these formulas. "
1. Find a Web site dedicated to applications of the Fibonacci numbers and study it. 
2. Fibonacci's rabbits problem A man put a pair of rabbits in a place surrounded by a wall. How many pairs of rabbits will be there in a year if the initial pair of rabbits (male and female) are newborn and all rabbit pairs are not fertile during their first month of life but thereafter give birth to one new male/female pair at the end of every month? 
"3. Climbing stairs Find the number of different ways to climb an n-stair staircase if each step is either one or two stairs. For example, a 3-stair staircase can be climbed three ways: 1-1-1, 1-2, and 2-"
"4. How many even numbers are there among the first n Fibonacci numbers, i.e., among the numbers F (0), F (1), . . . , F (n - 1)? Give a closed-form formula valid for every n > "
5. Check by direct substitutions that the function 1 (n - ^n) indeed satisfies 5 recurrence (
"1. Apply quicksort to sort the list E, X, A, M, P , L, E in alphabetical order. Draw the tree of the recursive calls made. "
"2. For the partitioning procedure outlined in this section: a. Prove that if the scanning indices stop while pointing to the same element, i.e., i = j, the value they are pointing to must be equal to p. b. Prove that when the scanning indices stop, j cannot point to an element more than one position to the left of the one pointed to by i. "
3. Give an example showing that quicksort is not a stable sorting algorithm. 
4. Give an example of an array of n elements for which the sentinel mentioned in the text is actually needed. What should be its value? Also explain why a single sentinel suffices for any input. 
"5. For the version of quicksort given in this section: a. Are arrays made up of all equal elements the worst-case input, the bestcase input, or neither? b. Are strictly decreasing arrays the worst-case input, the best-case input, or neither? "
"6. a. For quicksort with the median-of-three pivot selection, are strictly increasing arrays the worst-case input, the best-case input, or neither? b. Answer the same question for strictly decreasing arrays. "
"7. a. Estimate how many times faster quicksort will sort an array of one million random numbers than insertion sort. b. True or false: For every n > 1, there are n-element arrays that are sorted faster by insertion sort than by quicksort? "
"1. Design a divide-and-conquer algorithm for computing the number of levels in a binary tree. (In particular, the algorithm must return 0 and 1 for the empty and single-node trees, respectively.) What is the time efficiency class of your algorithm? "
"2. The following algorithm seeks to compute the number of leaves in a binary tree. ALGORITHM LeafCounter(T ) //Computes recursively the number of leaves in a binary tree //Input: A binary tree T //Output: The number of leaves in T if T = return 0 else return LeafCounter(Tlef t)+ LeafCounter(Tright) Is this algorithm correct? If it is, prove it; if it is not, make an appropriate correction. "
"3. Can you compute the height of a binary tree with the same asymptotic efficiency as the section's divide-and-conquer algorithm but without using a stack explicitly or implicitly? Of course, you may use a different algorithm altogether. "
4. Prove equality (
1. Consider the problem of finding the distance between the two closest numbers in an array of n numbers. (The distance between two numbers x and y is computed as |x - y|.) a. Design a presorting-based algorithm for solving this problem and determine its efficiency class. b. Compare the efficiency of this algorithm with that of the brute-force algorithm (see Problem 9 in Exercises 
1. Which of the following binary trees are AVL trees? 5 5 5 3 6 4 6 3 6 2 8 2 8 1 2 7 9 1 3 7 9 (a) (b) (c) 
"1. a. Construct a heap for the list 1, 8, 6, 5, 3, 7, 4 by the bottom-up algorithm. b. Construct a heap for the list 1, 8, 6, 5, 3, 7, 4 by successive key insertions (top-down algorithm). c. Is it always true that the bottom-up and top-down algorithms yield the same heap for the same input? "
2. Outline an algorithm for checking whether an array H [
3. a. Find the smallest and the largest number of keys that a heap of height h can contain. b. Prove that the height of a heap with n nodes is equal to log2 n . 
4. Prove the following equality used in Section 
5. a. Design an efficient algorithm for finding and deleting an element of the smallest value in a heap and determine its time efficiency. b. Design an efficient algorithm for finding and deleting an element of a given value v in a heap H and determine its time efficiency. 
6. Indicate the time efficiency classes of the three main operations of the priority queue implemented as a. an unsorted array. b. a sorted array. c. a binary search tree. d. an AVL tree. e. a heap. 
"7. Sort the following lists by heapsort by using the array representation of heaps. a. 1, 2, 3, 4, 5 (in increasing order) b. 5, 4, 3, 2, 1 (in increasing order) c. S, O, R, T, I, N, G (in alphabetical order) "
8. Is heapsort a stable sorting algorithm? 
9. What variety of the transform-and-conquer technique does heapsort represent? 
10. Which sorting algorithm other than heapsort uses a priority queue? 
"11. Implement three advanced sorting algorithms--mergesort, quicksort, and heapsort--in the language of your choice and investigate their performance on arrays of sizes n = 103, 104, 105, and "
1. Consider the following brute-force algorithm for evaluating a polynomial. ALGORITHM BruteForcePolynomialEvaluation(P [
2. Write pseudocode for the brute-force polynomial evaluation that stems from substituting a given value of the variable into the polynomial's formula and evaluating it from the lowest term to the highest one. Determine the number of multiplications and the number of additions made by this algorithm. 
"3. a. Estimate how much faster Horner's rule is compared to the ""lowest-tohighest term"" brute-force algorithm of Problem 2 if (i) the time of one multiplication is significantly larger than the time of one addition; (ii) the time of one multiplication is about the same as the time of one addition. b. Is Horner's rule more time efficient at the expense of being less space efficient than the brute-force algorithm? "
4. a. Apply Horner's rule to evaluate the polynomial p(x) = 3x4 - x3 + 2x + 5 at x = -
5. Apply Horner's rule to convert 110100101 from binary to decimal. 
"1. Is it possible to exchange numeric values of two variables, say, u and v, without using any extra storage? "
2. Will the comparison-counting algorithm work correctly for arrays with equal values? 
1. Give examples of using an index in real-life applications that do not involve computers. 
"2. a. Prove the equality h-1 1+ 2 m/2 i-1( m/2 - 1) + 2 m/2 h-1 = 4 m/2 h-1 - 1, i=1 which was used in the derivation of upper bound ("
3. Find the minimum order of the B-tree that guarantees that the number of disk accesses in searching in a file of 100 million records does not exceed 
4. Draw the B-tree obtained after inserting 30 and then 31 in the B-tree in Figure 
5. Outline an algorithm for finding the largest key in a B-tree. 
1. Finish the computations started in the section's example of constructing an optimal binary search tree. 
2. a. Why is the time efficiency of algorithm OptimalBST cubic? b. Why is the space efficiency of algorithm OptimalBST quadratic? 
3. Write pseudocode for a linear-time algorithm that generates the optimal binary search tree from the root table. 
"4. Devise a way to compute the sums j ps , which are used in the dynamic s=i programming algorithm for constructing an optimal binary search tree, in constant time (per sum). "
5. True or false: The root of an optimal binary search tree always contains the key with the highest search probability? 
6. How would you construct an optimal binary search tree for a set of n keys if all the keys are equally likely to be searched for? What will be the average number of comparisons in a successful search in such a tree if n = 2k? 
"7. a. Show that the number of distinct binary search trees b(n) that can be constructed for a set of n orderable keys satisfies the recurrence relation n-1 b(n) = b(k)b(n - 1 - k) for n > 0, b(0) = "
8. Design a (n2) algorithm for finding an optimal binary search tree. 
9. Generalize the optimal binary search algorithm by taking into account unsuccessful searches. 
10. Write pseudocode of a memory function for the optimal binary search tree problem. You may limit your function to finding the smallest number of key comparisons in a successful search. 
1. Apply Warshall's algorithm to find the transitive closure of the digraph defined by the following adjacency matrix: 0 1 0 0 0 0 1 0 0 0 0 1 0 0 0 0 
1. Explain what adjustments if any need to be made in Dijkstra's algorithm and/or in an underlying graph to solve the following problems. a. Solve the single-source shortest-paths problem for directed weighted graphs. b. Find a shortest path between two given vertices of a weighted graph or digraph. (This variation is called the single-pair shortest-path problem.) c. Find the shortest paths to a given vertex from each other vertex of a weighted graph or digraph. (This variation is called the single-destination shortest-paths problem.) d. Solve the single-source shortest-paths problem in a graph with nonnegative numbers assigned to its vertices (and the length of a path defined as the sum of the vertex numbers on the path). 
1. Consider the following version of the post office location problem (Problem 3 in Exercises 
"2. Solve the following linear programming problems geometrically. a. maximize 3x + y subject to -x + y 1 2x + y 4 x 0, y 0 b. maximize x + 2y subject to 4x y y 3+x x 0, y 0 "
"1. Since maximum-flow algorithms require processing edges in both directions, it is convenient to modify the adjacency matrix representation of a network as follows. If there is a directed edge from vertex i to vertex j of capacity uij , then the element in the ith row and the j th column is set to uij , and the element in the j th row and the ith column is set to -uij ; if there is no edge between vertices i and j , both these elements are set to zero. Outline a simple algorithm for identifying a source and a sink in a network presented by such a matrix and indicate its time efficiency. "
2. Apply the shortest-augmenting path algorithm to find a maximum flow and a minimum cut in the following networks. a. 5 2 1 2 5 6 4 4 3 7 4 8 6 b. 3 2 4 2 1 1 4 4 6 7 3 5 5 2 
3. a. Does the maximum-flow problem always have a unique solution? Would your answer be different for networks with different capacities on all their edges? b. Answer the same questions for the minimum-cut problem of finding a cut of the smallest capacity in a given network. 
4. a. Explain how the maximum-flow problem for a network with several sources and sinks can be transformed into the same problem for a network with a single source and a single sink. b. Some networks have capacity constraints on the flow amounts that can flow through their intermediate vertices. Explain how the maximum-flow problem for such a network can be transformed to the maximum-flow problem for a network with edge capacity constraints only. 
"5. Consider a network that is a rooted tree, with the root as its source, the leaves as its sinks, and all the edges directed along the paths from the root to the leaves. Design an efficient algorithm for finding a maximum flow in such a network. What is the time efficiency of your algorithm? "
6. a. Prove equality (
1. Prove that any algorithm solving the alternating-disk puzzle (Problem 14 in Exercises 
2. Prove that the classic recursive algorithm for the Tower of Hanoi puzzle (Section 
"3. Find a trivial lower-bound class for each of the following problems and indicate, if you can, whether this bound is tight. a. finding the largest element in an array b. checking completeness of a graph represented by its adjacency matrix c. generating all the subsets of an n-element set d. determining whether n given real numbers are all distinct "
4. Consider the problem of identifying a lighter fake coin among n identicallooking coins with the help of a balance scale. Can we use the same information-theoretic argument as the one in the text for the number of questions in the guessing game to conclude that any algorithm for identifying the fake will need at least log2 n weighings in the worst case? 
1. Prove by mathematical induction that a. h log2 l for any binary tree with height h and the number of leaves l. b. h log3 l for any ternary tree with height h and the number of leaves l. 
"1. Some textbooks define the number of significant digits in the approximation of number by number as the largest nonnegative integer k for which | - | < 5 . 10-k. || According to this definition, how many significant digits are there in the approximation of by a. "
2. If = 
4. Derive formula (
5. Use the composite trapezoidal rule with n = 4 to approximate the following definite integrals. Find the truncation error of each approximation and compare it with the one given by formula (
"1. a. Apply the nearest-neighbor algorithm to the instance defined by the intercity distance matrix below. Start the algorithm at the first city, assuming that the cities are numbered from 1 to "
1. a. Find on the Internet or in your library a procedure for finding a real root of the general cubic equation ax3 + bx2 + cx + d = 0 with real coefficients. b. What general algorithm design technique is it based on? 
2. Indicate how many roots each of the following equations has: a. xex - 1 = 0 b. x - ln x = 0 c. x sin x - 1 = 0 
"3. a. Prove that if p(x) is a polynomial of an odd degree, then it must have at least one real root. b. Prove that if x0 is a root of an n-degree polynomial p(x), the polynomial can be factored into p(x) = (x - x0)q(x), where q(x) is a polynomial of degree n - "
4. Prove inequality (
5. Apply the bisection method to find the root of the equation x3 + x - 1 = 0 with an absolute error smaller than 10-
"1. It is probably faster to do this by searching the Web, but your library should be able to help, too. "
"2. One can find arguments supporting either view. There is a well-established principle pertinent to the matter, though: scientific facts or mathematical expressions of them are not patentable. (Why do you think this is the case?) But should this preclude granting patents for all algorithms? "
"3. You may assume that you are writing your algorithms for a human rather than a machine. Still, make sure that your descriptions do not contain obvious ambiguities. Knuth provides an interesting comparison between cooking recipes and algorithms [KnuI, p. 6]. "
4. There is a quite straightforward algorithm for this problem based on the definition of n. 
5. Try to design an algorithm that always makes less than mn comparisons. 
6. a. Just follow Euclid's algorithm as described in the text. b. Compare the number of divisions made by the two algorithms. 
"7. Prove that if d divides both m and n (i.e., m = sd and n = td for some positive integers s and t), then it also divides both n and r = m mod n and vice versa. Use the formula m = qn + r (0 r < n) and the fact that if d divides two integers u and v, it also divides u + v and u - v (why?). "
8. Perform one iteration of the algorithm for two arbitrarily chosen integers m < n. 
"9. The answer to part (a) can be given immediately, the answer to part (b) can be given by checking the algorithm's performance on all pairs 1 < m < n "
1. a. Take advantage of the fact that the array is not sorted. b. We used this trick in implementing one of the algorithms in Section 
"2. a. For a sorted array, there is a spectacularly efficient algorithm you almost certainly have heard about. b. Unsuccessful searches can be made faster. "
3. a. Push(x) puts x on the top of the stack; pop deletes the item from the top of the stack. b. Enqueue(x) adds x to the rear of the queue; dequeue deletes the item from the front of the queue. 
4. Just use the definitions of the graph properties in question and data structures involved. 
"5. There are two well-known algorithms that can solve this problem. The first uses a stack; the second uses a queue. Although these algorithms are discussed later in the book, do not miss this chance to discover them by yourself! "
1. Use the corresponding counts of the algorithm's basic operation (see Section 
"2. Establish the order of growth of n(n + 1)/2 first and then use the informal definitions of O, , and . (Similar examples were given in the section.) "
3. Simplify the functions given to single out the terms defining their orders of growth. 
4. a. Check carefully the pertinent definitions. b. Compute the ratio limits of every pair of consecutive functions on the list. 
"5. First, simplify some of the functions. Then, use the list of functions in Table "
6. a. You can prove this assertion either by computing an appropriate limit or by applying mathematical induction. b. Compute limn a1n/a2n. 
"7. Prove the correctness of (a), (b), and (c) by using the appropriate definitions; construct a counterexample for (d) (e.g., by constructing two functions behaving differently for odd and even values of their arguments). "
8. The proof of part (a) is similar to the one given for the theorem's assertion in Section 
9. Follow the analysis plan used in the text when the algorithm was mentioned for the first time. 
"10. You may use straightforward algorithms for all the four questions asked. Use the O notation for the time efficiency class of one of them, and the notation for the three others. "
11. The problem can be solved in two weighings. 
1. Each of these recurrences can be solved by the method of backward substitutions. 
"2. The recurrence relation in question is almost identical to the recurrence relation for the number of multiplications, which was set up and solved in the section. "
3. a. The question is similar to that about the efficiency of the recursive algorithm for computing n!. b. Write pseudocode for the nonrecursive algorithm and determine its efficiency. 
"4. a. Note that you are asked here about a recurrence for the function's values, not about a recurrence for the number of times its operation is executed. Just follow the pseudocode to set it up. It is easier to solve this recurrence by forward substitutions (see Appendix B). b. This question is very similar to one we have already discussed. c. You may want to include the subtractions needed to decrease n. "
1. Does it return a correct comparison count for every array of size 2? 
2. Debug your comparison counting and random input generating for small array sizes first. 
"3. On a reasonably fast desktop, you may well get zero time, at least for smaller sizes in your sample. Section "
4. Check how fast the count values grow with doubling the input size. 
5. A similar question was discussed in the section. 
6. Compare the values of the functions lg lg n and lg n for n = 2k. 
7. Insert the division counter in a program implementing the algorithm and run it for the input pairs in the range indicated. 
"8. Get the empirical data for random values of n in a range of, say, between 102 and 104 or 105 and plot the data obtained. (You may want to use different scales for the axes of your coordinate system.) CHAPTER 3 Exercises "
1. You may want to consider two versions of the answer: without taking into account the comparison and assignments in the algorithm's innermost loop and with them. 
2. Sorting n real numbers can be done in O(n log n) time. 
3. a. Solving the problem for n = 2 and n = 3 should lead you to the critical insight. b. Where would you put the post office if it did not have to be at one of the village locations? 
"4. a. Check requirements (i)­(iii) by using basic properties of absolute values. b. For the Manhattan distance, the points in question are defined by the equation |x - 0| + |y - 0| = "
1. a. Use the definitions of the adjacency matrix and adjacency lists given in Section 
2. Compare the efficiency classes of the two versions of DFS for sparse graphs. 
3. a. What is the number of such trees equal to? b. Answer this question for connected graphs first. 
4. Perform the BFS traversal the same way it is done in the text (see Figure 
5. You may use the fact that the level of a vertex in a BFS tree indicates the number of edges in the shortest (minimum-edge) path from the root to that vertex. 
6. a. What property of a BFS forest indicates a cycle's presence? (The answer is similar to the one for a DFS forest.) b. The answer is no. Find two examples supporting this answer. 
"7. Given the fact that both traversals can reach a new vertex if and only if it is adjacent to one of the previously visited vertices, which vertices will be visited by the time either traversal halts (i.e., its stack or queue becomes empty)? "
"8. Use a DFS forest and a BFS forest for parts (a) and (b), respectively. "
9. Use either DFS or BFS. 
10. a. Follow the instructions of the problem's statement. b. Trying both traversals should lead you to a correct answer very fast. 
11. You can apply BFS without an explicit sketch of a graph representing the states of the puzzle. CHAPTER 4 Exercises 
1. Solve the problem for n = 
2. You may consider pouring soda from a filled glass into an empty glass as one move. 
3. It's easier to use the bottom-up approach. 
"4. Use the fact that all the subsets of an n-element set S = {a1, . . . , an} can be divided into two groups: those that contain an and those that do not. "
"1. Use standard formulas for the numbers of these combinatorial objects. For the sake of simplicity, you may assume that generating one combinatorial object takes the same time as, say, one assignment. "
2. We traced the algorithms on smaller instances in the section. 
3. See an outline of this algorithm in the section. 
4. a. Trace the algorithm for n = 2; take advantage of this trace in tracing the algorithm for n = 3 and then use the latter for n = 
5. We traced both algorithms on smaller instances in the section. 
6. Tricks become boring after they have been given away. 
7. This is not a difficult exercise because of the obvious way of getting bit strings of length n from bit strings of length n - 
8. You may still mimic the binary addition without using it explicitly. 
9. Just trace the algorithms for n = 
"10. There are several decrease-and­conquer algorithms for this problem. They are more subtle than one might expect. Generating combinations in a predefined order (increasing, decreasing, lexicographic) helps with both a design and a correctness proof. The following simple property is very helpful in that regard. Assuming with no loss of generality that the underlying set is {1, 2, . . . , n}, there are n-i k-subsets whose smallest element is i, i = 1, 2, . . . , n - k + "
11. Represent the disk movements by flipping bits in a binary n-tuple. 
12. Thinking about the switches as bits of a bit string could be helpful but not necessary. Exercises 
"1. In more than one respect, this question is similar to the divide-and-conquer computation of the sum of n numbers. "
"2. Unlike Problem 1, a divide-and-conquer algorithm for this problem can be more efficient by a constant factor than the brute-force algorithm. "
1. You might want to answer the question for n = 2 first and then generalize it. 
2. Trace the algorithm on the input given. You will have to use it again in order to compute the products of two-digit numbers as well. 
3. a. Take logarithms of both sides of the equality. b. What did we use the closed-form formula for? 
"4. a. How do we multiply by powers of 10? b. Try to repeat the argument for, say, 98 "
"5. Counting the number of one-digit additions made by the pen-and-pencil algorithm in multiplying, say, two four-digit numbers, should help answer the general question. "
6. Check the formulas by simple algebraic manipulations. 
"7. Trace Strassen's algorithm on the input given. (It takes some work, but it would have been much more of it if you were asked to stop the recursion when n = "
8. Use the method of backward substitutions to solve the recurrence given in the text. 
9. The recurrence for the number of multiplications in Pan's algorithm is similar to that for Strassen's algorithm. Use the Master Theorem to find the order of growth of its solution. Exercises 
1. Trace the algorithm as we did in solving another system in the section. 
2. a. Use the Gaussian elimination results as explained in the text. b. It is one of the varieties of the transform-and-conquer technique. Which one? 
"3. To find the inverse, you can either solve the system with three simultaneous right-hand side vectors representing the columns of the 3 × 3 identity matrix or use the LU decomposition of the system's coefficient matrix found in Problem "
"4. Though the final answer is correct, its derivation contains an error you have to find. "
"5. Pseudocode of this algorithm is quite straightforward. If you are in doubt, see the section's example tracing the algorithm. The order of growth of the algorithm's running time can be found by following the standard plan for the analysis of nonrecursive algorithms. "
6. Estimate the ratio of the algorithm running times by using the approximate formulas for the number of divisions and the number of multiplications in both algorithms. 
"7. a. This is a ""normal"" case: one of the two equations should not be proportional to the other. b. The coefficients of one equation should be the same or proportional to the corresponding coefficients of the other equation, whereas the right-hand sides should not. c. The two equations should be either the same or proportional to each other (including the right-hand sides). "
1. a. Trace the algorithm outlined in the text on the input given. b. Trace the algorithm outlined in the text on the input given. c. A mathematical fact may not be established by checking its validity on a single example. 
"2. For a heap represented by an array, only the parental dominance requirement needs to be checked. "
3. a. What structure does a complete tree of height h with the largest number of nodes have? What about a complete tree with the smallest number of nodes? b. Use the results established in part (a). 
"4. First, express the right-hand side as a function of h. Then, prove the obtained equality by either using the formula for the sum i2i given in Appendix A or by mathematical induction on h. "
5. a. Where in a heap should one look for its smallest element? b. Deleting an arbitrary element of a heap can be done by generalizing the algorithm for deleting its root. 
"6. Fill in a table with the time efficiency classes of efficient implementations of the three operations: finding the largest element, finding and deleting the largest element, and adding a new element. "
7. Trace the algorithm on the inputs given (see Figure 
"8. As a rule, sorting algorithms that can exchange far-apart elements are not stable. "
9. One can claim that the answers are different for the two principal representations of a heap. 
10. This algorithm is less efficient than heapsort because it uses the array rather than the heap to implement the priority queue. 
"12. Pick the spaghetti rods up in a bundle and place them end down (i.e., vertically) onto a tabletop. Exercises "
1. Set up sums and simplify them by using the standard formulas and rules for sum manipulation. Do not forget to include the multiplications outside the inner loop. 
2. Take advantage of the fact that the value of xi can be easily computed from the previously computed xi-
"1. Yes, it is possible. How? "
2. Check the algorithm's pseudocode to see what it does upon encountering equal values. 
3. Trace the algorithm on the input given (see Figure 
4. Check whether the algorithm can reverse a relative ordering of equal elements. 
5. Where will A[i] be in the sorted array? 
6. Take advantage of the standard traversals of such trees. 
"7. a. Follow the definitions of the arrays B and C in the description of the method. b. Find, say, B[C[3]] for the example in part (a). "
8. Start by finding the target positions for all the statures. 
9. a. Use linked lists to hold nonzero elements of the matrices. b. Represent each of the given polynomials by a linked list with nodes containing exponent i and coefficient ai for each nonzero term aixi. 
10. You may use a search of the literature/Internet to answer this question. Exercises 
1. Trace the algorithm in the same way it is done in the section for another instance of the string-matching problem. 
1. Thinking about searching for information should lead to a variety of examples. 
"2. a. Use the standard rules of sum manipulation and, in particular, the geometric series formula. b. You will need to take logarithms base m/2 in your derivation. "
3. Find this value from the inequality in the text that provides the upper-bound of the B-tree's height. 
4. Follow the insertion algorithm outlined in the section. 
5. The algorithm is suggested by the definition of the B-tree. 
"6. a. Just follow the description of the algorithm given in the statement of the problem. Note that a new key is always inserted in a leaf and that full nodes are always split on the way down, even though the leaf for the new key may have a room for it. b. Can a split of a full node cause a cascade of splits through the chain of its ancestors? Can we get a taller search tree than necessary? CHAPTER 8 Exercises "
1. Compare the definitions of the two techniques. 
2. Use the table generated by the dynamic programming algorithm in solving the problem's instance in Example 1 of the section. 
3. a. The analysis is similar to that of the top-down recursive computation of the nth Fibonacci number in Section 
4. Apply the dynamic programming algorithm to the instance given as it is done in Example 2 of the section. Note that there are two optimal coin combinations here. 
5. Adjust formula (
1. Continue applying formula (
2. a. The algorithm's time efficiency can be investigated by following the standard plan of analyzing the time efficiency of a nonrecursive algorithm. b. How much space do the two tables generated by the algorithm use? 
"3. k = R[1, n] indicates that the root of an optimal tree is the kth key in the list of ordered keys a1, . . . , an. The roots of its left and right subtrees are specified by R[1, k - 1] and R[k + 1, n], respectively. "
4. Use a space-for-time trade-off. 
"5. If the assertion were true, would we not have a simpler algorithm for constructing an optimal binary search tree? "
6. The structure of the tree should simply minimize the average depth of its nodes. Do not forget to indicate a way to distribute the keys among the nodes of the tree. 
"7. a. Since there is a one-to-one correspondence between binary search trees for a given set of n orderable keys and binary trees with n nodes (why?), you can count the latter. Consider all the possibilities of partitioning the nodes between the left and right subtrees. b. Compute the values in question using the two formulas. c. Use the formula for the nth Catalan number and Stirling's formula for n!. "
8. Change the bounds of the innermost loop of algorithm OptimalBST by exploiting the monotonicity of the root table mentioned at the end of the section. 
"9. Assume that a1, . . . , an are distinct keys ordered from the smallest to the largest, p1, . . . , pn are the probabilities of searching for them, and q0, q1, . . . , qn are probabilities of unsuccessful searches for keys in intervals (-, a1), (a1, a2), . . . , (an, ), respectively; (p1 + . . . + pn) + (q0 + . . . + qn) = "
10. See the memory function solution for the knapsack problem in Section 
1. You may use integer divisions in your algorithm. 
2. You can apply the greedy approach either to each of its rows (or columns) or to the entire cost matrix. 
"3. Considering the case of two jobs might help. Of course, after forming a hypothesis, you will have to prove the algorithm's optimality for an arbitrary input or find a specific counterexample showing that it is not the case. "
4. Only the earliest-finish-first algorithm always yields an optimal solution. 
5. Simply apply the greedy approach to the situation at hand. You may assume that t1 t2 . . . tn. 
6. Think the minimum positive amount of water among all the vessels in their current state. 
7. The minimum number of messages for n = 4 is six. 
"8. For both versions of the problem, it is not difficult to get to a hypothesis about the solution's form after considering the cases of n = 1, 2, and "
"9. a. Trace the algorithm for the graph given. An example can be found in the text. b. After the next fringe vertex is added to the tree, add all the unseen vertices adjacent to it to the priority queue of fringe vertices. "
10. Applying Prim's algorithm to a weighted graph that is not connected should help in answering this question. 
11. Check whether the proof of the algorithm's correctness is valid for negative edge weights. 
12. The answer is no. Give a counterexample. 
"13. Since Prim's algorithm needs weights on a graph's edges, some weights have to be assigned. As to the second question, think of other algorithms that can solve this problem. "
1. See the example given in the section. 
"2. After combining the two nodes with the lowest probabilities, resolve the tie arising on the next iteration in two different ways. For each of the two Huffman codes obtained, compute the mean and variance of the codeword length. "
3. You may base your answers on the way Huffman's algorithm works or on the fact that Huffman codes are known to be optimal prefix codes. 
4. The maximal length of a codeword relates to the height of Huffman's coding tree in an obvious fashion. Try to find a set of n specific frequencies for an alphabet of size n for which the tree has the shape yielding the longest codeword possible. 
"5. a. What is the most appropriate data structure for an algorithm whose principal operation is finding the two smallest elements in a given set and replacing them by their sum? b. Identify the principal operations of the algorithm, the number of times they are executed, and their efficiencies for the data structure used. "
"6. Maintain two queues: one for given frequencies, the other for weights of new trees. "
7. It would be natural to use one of the standard traversal algorithms. 
8. Generate the codewords right to left. 
10. A similar example was discussed at the end of Section 
1. You may (but do not have to) use the algorithm described in the section. 
2. See an application of this algorithm to another bipartite graph in the section. 
3. The definition of a matching and its cardinality should lead you to the answers to these questions with no difficulty. 
"4. a. You do not have to check the inequality for each subset S of V if you can point out a subset for which the inequality does not hold. Otherwise, fill in a table for all the subsets S of the indicated set V with columns for S, R(S), and |R(S)| |S|. b. Think time efficiency. "
5. Reduce the problem to finding a maximum matching in a bipartite graph. 
6. Transform a given bipartite graph into a network by making vertices of the former be intermediate vertices of the latter. 
"7. Since this greedy algorithm is arguably simpler than the augmenting-path algorithm given in the section, should we expect a positive or negative answer? Of course, this point cannot be substituted for a more specific argument or a counterexample. "
8. Start by presenting a tree given as a BFS tree. 
"9. For pointers regarding an efficient implementation of the algorithm, see [Pap82, Section "
1. a. Prove first that 2h l by induction on h. b. Prove first that 3h l by induction on h. 
"2. a. How many outcomes does the problem have? b. Of course, there are many ways to solve this simple problem. c. Thinking about a, b, and c as points on the real line should help. "
"3. This is a straightforward question. You may assume that the three elements to be sorted are distinct. (If you need help, see decision trees for the threeelement selection sort and three-element insertion sort in the section.) "
4. Compute a nontrivial lower bound for sorting a four-element array and then identify a sorting algorithm whose number of comparisons in the worst case matches the lower bound. 
5. This is not an easy task. None of the standard sorting algorithms can do this. Try to design a special algorithm that squeezes as much information as possible from each of its comparisons. 
6. This is a very straightforward question. Use the obvious observation that sequential search in a sorted list can be stopped as soon as an element larger than the search key is encountered. 
7. a. Start by transforming the logarithms to the same base. b. The easiest way is to prove that lim log2(n + 1) > 
"1. As the given definition of the number of significant digits requires, compute the relative errors of the approximations. One of the answers doesn't agree with our intuitive idea of this notion. "
2. Use the definitions of the absolute and relative errors and the properties of the absolute value. 
3. Compute the value of 5 
4. Apply the formula for the area of a trapezoid to each of the n approximating trapezoid strips and sum them up. 
5. Apply formulas (
6. Find an upper bound for the second derivative of esin x and use formula (
7. A similar problem is discussed in the section. 
"8. Consider all possible values for the coefficients a, b, and c. Keep in mind that solving an equation means finding all its roots or proving that no roots exist. "
"9. a. Provethat every element xn of the sequence is (i) positive, (ii) greater than D (by computing xn+1 - D), and (iii) decreasing (by computing xn+1 - xn). Then take the limit of both sides of equality ("
1. What operations does a best-first branch-and-bound algorithm perform on the live nodes of its state-space tree? 
"2. Use the smallest numbers selected from the columns of the cost matrix to compute the lower bounds. With this bounding function, it's more logical to consider four ways to assign job 1 for the nodes on the first level of the tree. "
3. a. Your answer should be an n × n matrix with a simple structure making the algorithm work the fastest. b. Sketch the structure of the state-space tree for your answer to part (a). 
5. A similar problem is solved in the section. 
6. Take into account more than a single item from those not included in the subset under consideration. 
8. A Hamiltonian circuit must have exactly two edges incident to each vertex of the graph. 
9. A similar problem is solved in the section. Exercises 
1. a. Start by marking the first column of the matrix and finding the smallest element in the first row and an unmarked column. b. You will have to find an optimal solution by exhaustive search or by a branch-and-bound algorithm or by some other method. 
"2. a. The simplest approach is to mark matrix columns that correspond to visited cities. Alternatively, you can maintain a linked list of unvisited cities. b. Following the standard plan for analyzing algorithm efficiency should pose no difficulty (and yield the same result for either of the two options mentioned in the hint to part (a)). "
3. Do the walk in the clockwise direction. 
4. Extend the triangle inequality to the case of k 1 intermediate vertices and prove its validity by mathematical induction. 
"5. First, determine the time efficiency of each of the three steps of the algorithm. "
"6. You will have to prove two facts: i. f (s) 2f (sa) for any instance of the knapsack problem, where f (sa) is the value of the approximate solution obtained by the enhanced greedy algorithm and f (s) is the optimal value of the exact solution to the same instance. ii. The smallest constant for which such an assertion is true is "
1. It might help your search to know that the solution was first published by Italian Renaissance mathematician Girolamo Cardano. 
2. You can answer these questions without using calculus or a sophisticated calculator by representing equations in the form f1(x) = f2(x) and graphing functions f1(x) and f2(x). 
"3. a. Use the property underlying the bisection method. b. Use the definition of division of polynomial p(x) by x - x0, i.e., the equality p(x) = q(x)(x - x0) + r, where x0 is a root of p(x), q(x) and r are the quotient and remainder of this division, respectively. c. Differentiate both sides of the equality given in part (b) and substitute x0 in the result. "
"4. Use the fact that |xn - x| is the distance between xn, the middle of interval [an, bn], and root x. "
5. Sketch the graph to determine a general location of the root and choose an initial interval bracketing it. Use an appropriate inequality given in Section 
"6. Write an equation of the line through the points (an, f (an)) and (bn, f (bn)) and find its x-intercept. "
"7. See the example given in the section. As a stopping criterion, you may use either the length of interval [an, bn] or inequality ("
"8. Write an equation of the tangent line to the graph of the function at (xn, f (xn)) and find its x-intercept. "
"9. See the example given in the section. Of course, you may start with a different x0 than the one used in that example. = 3 x. "
"10. Consider, for example, f (x) "
